"FOR 2008 Code","FOR 2008 Name"
"010101","Algebra and Number Theory"
"010102","Algebraic and Differential Geometry"
"010103","Category Theory, K Theory, Homological Algebra "
"010104","Combinatorics and Discrete Mathematics (excl. Physical Combinatorics)"
"010105","Group Theory and Generalisations"
"010106","Lie Groups, Harmonic and Fourier Analysis"
"010107","Mathematical Logic, Set Theory, Lattices and Universal Algebra"
"010108","Operator Algebras and Functional Analysis"
"010109","Ordinary Differential Equations, Difference Equations and Dynamical Systems"
"010110","Partial Differential Equations"
"010111","Real and Complex Functions (incl. Several Variables)"
"010112","Topology"
"010199","Pure Mathematics not elsewhere classified"
"010201","Approximation Theory and Asymptotic Methods"
"010202","Biological Mathematics "
"010203","Calculus of Variations, Systems Theory and Control Theory"
"010204","Dynamical Systems in Applications"
"010205","Financial Mathematics"
"010206","Operations Research"
"010207","Theoretical and Applied Mechanics"
"010299","Applied Mathematics not elsewhere classified"
"010301","Numerical Analysis "
"010302","Numerical Solution of Differential and Integral Equations"
"010303","Optimisation "
"010399","Numerical and Computational Mathematics not elsewhere classified"
"010401","Applied Statistics "
"010402","Biostatistics"
"010403","Forensic Statistics"
"010404","Probability Theory "
"010405","Statistical Theory "
"010406","Stochastic Analysis and Modelling"
"010499","Statistics not elsewhere classified"
"010501","Algebraic Structures in Mathematical Physics"
"010502","Integrable Systems (Classical and Quantum)"
"010503","Mathematical Aspects of Classical Mechanics, Quantum Mechanics and Quantum Information Theory"
"010504","Mathematical Aspects of General Relativity"
"010505","Mathematical Aspects of Quantum and Conformal Field Theory, Quantum Gravity and String Theory"
"010506","Statistical Mechanics, Physical Combinatorics and Mathematical Aspects of Condensed Matter"
"010599","Mathematical Physics not elsewhere classified"
"019999","Mathematical Sciences not elsewhere classified "
"020101","Astrobiology"
"020102","Astronomical and Space Instrumentation"
"020103","Cosmology and Extragalactic Astronomy"
"020104","Galactic Astronomy"
"020105","General Relativity and Gravitational Waves"
"020106","High Energy Astrophysics; Cosmic Rays"
"020107","Mesospheric, Ionospheric and Magnetospheric Physics"
"020108","Planetary Science (excl. Extraterrestrial Geology)"
"020109","Space and Solar Physics"
"020110","Stellar Astronomy and Planetary Systems"
"020199","Astronomical and Space Sciences not elsewhere classified "
"020201","Atomic and Molecular Physics "
"020202","Nuclear Physics"
"020203","Particle Physics"
"020204","Plasma Physics; Fusion Plasmas; Electrical Discharges"
"020299","Atomic, Molecular, Nuclear, Particle and Plasma Physics not elsewhere classified"
"020301","Acoustics and Acoustical Devices; Waves"
"020302","Electrostatics and Electrodynamics "
"020303","Fluid Physics"
"020304","Thermodynamics and Statistical Physics "
"020399","Classical Physics not elsewhere classified "
"020401","Condensed Matter Characterisation Technique Development"
"020402","Condensed Matter Imaging"
"020403","Condensed Matter Modelling and Density Functional Theory"
"020404","Electronic and Magnetic Properties of Condensed Matter; Superconductivity"
"020405","Soft Condensed Matter"
"020406","Surfaces and Structural Properties of Condensed Matter"
"020499","Condensed Matter Physics not elsewhere classified"
"020501","Classical and Physical Optics"
"020502","Lasers and Quantum Electronics"
"020503","Nonlinear Optics and Spectroscopy"
"020504","Photonics, Optoelectronics and Optical Communications"
"020599","Optical Physics not elsewhere classified "
"020601","Degenerate Quantum Gases and Atom Optics"
"020602","Field Theory and String Theory"
"020603","Quantum Information, Computation and Communication"
"020604","Quantum Optics"
"020699","Quantum Physics not elsewhere classified"
"029901","Biological Physics"
"029902","Complex Physical Systems"
"029903","Medical Physics"
"029904","Synchrotrons; Accelerators; Instruments and Techniques"
"029999","Physical Sciences not elsewhere classified "
"030101","Analytical Spectrometry"
"030102","Electroanalytical Chemistry"
"030103","Flow Analysis"
"030104","Immunological and Bioassay Methods "
"030105","Instrumental Methods (excl. Immunological and Bioassay Methods)"
"030106","Quality Assurance, Chemometrics, Traceability and Metrological Chemistry"
"030107","Sensor Technology (Chemical aspects)"
"030108","Separation Science "
"030199","Analytical Chemistry not elsewhere classified"
"030201","Bioinorganic Chemistry "
"030202","f-Block Chemistry"
"030203","Inorganic Green Chemistry"
"030204","Main Group Metal Chemistry "
"030205","Non-metal Chemistry"
"030206","Solid State Chemistry"
"030207","Transition Metal Chemistry "
"030299","Inorganic Chemistry not elsewhere classified "
"030301","Chemical Characterisation of Materials"
"030302","Nanochemistry and Supramolecular Chemistry"
"030303","Optical Properties of Materials"
"030304","Physical Chemistry of Materials"
"030305","Polymerisation Mechanisms"
"030306","Synthesis of Materials"
"030307","Theory and Design of Materials"
"030399","Macromolecular and Materials Chemistry not elsewhere classified"
"030401","Biologically Active Molecules"
"030402","Biomolecular Modelling and Design"
"030403","Characterisation of Biological Macromolecules"
"030404","Cheminformatics and Quantitative Structure-Activity Relationships"
"030405","Molecular Medicine"
"030406","Proteins and Peptides"
"030499","Medicinal and Biomolecular Chemistry not elsewhere classified"
"030501","Free Radical Chemistry"
"030502","Natural Products Chemistry"
"030503","Organic Chemical Synthesis "
"030504","Organic Green Chemistry"
"030505","Physical Organic Chemistry "
"030599","Organic Chemistry not elsewhere classified "
"030601","Catalysis and Mechanisms of Reactions"
"030602","Chemical Thermodynamics and Energetics"
"030603","Colloid and Surface Chemistry"
"030604","Electrochemistry "
"030605","Solution Chemistry"
"030606","Structural Chemistry and Spectroscopy"
"030607","Transport Properties and Non-Equilibrium Processes"
"030699","Physical Chemistry not elsewhere classified"
"030701","Quantum Chemistry"
"030702","Radiation and Matter "
"030703","Reaction Kinetics and Dynamics "
"030704","Statistical Mechanics in Chemistry"
"030799","Theoretical and Computational Chemistry not elsewhere classified"
"039901","Environmental Chemistry (incl. Atmospheric Chemistry)"
"039902","Forensic Chemistry"
"039903","Industrial Chemistry "
"039904","Organometallic Chemistry "
"039999","Chemical Sciences not elsewhere classified"
"040101","Atmospheric Aerosols"
"040102","Atmospheric Dynamics"
"040103","Atmospheric Radiation"
"040104","Climate Change Processes"
"040105","Climatology (excl. Climate Change Processes)"
"040106","Cloud Physics"
"040107","Meteorology"
"040108","Tropospheric and Stratospheric Physics"
"040199","Atmospheric Sciences not elsewhere classified"
"040201","Exploration Geochemistry"
"040202","Inorganic Geochemistry"
"040203","Isotope Geochemistry"
"040204","Organic Geochemistry"
"040299","Geochemistry not elsewhere classified"
"040301","Basin Analysis"
"040302","Extraterrestrial Geology"
"040303","Geochronology"
"040304","Igneous and Metamorphic Petrology"
"040305","Marine Geoscience"
"040306","Mineralogy and Crystallography"
"040307","Ore Deposit Petrology"
"040308","Palaeontology (incl. Palynology)"
"040309","Petroleum and Coal Geology"
"040310","Sedimentology"
"040311","Stratigraphy (incl. Biostratigraphy and Sequence Stratigraphy)"
"040312","Structural Geology"
"040313","Tectonics"
"040314","Volcanology"
"040399","Geology not elsewhere classified"
"040401","Electrical and Electromagnetic Methods in Geophysics"
"040402","Geodynamics"
"040403","Geophysical Fluid Dynamics"
"040404","Geothermics and Radiometrics"
"040405","Gravimetrics"
"040406","Magnetism and Palaeomagnetism"
"040407","Seismology and Seismic Exploration"
"040499","Geophysics not elsewhere classified"
"040501","Biological Oceanography"
"040502","Chemical Oceanography"
"040503","Physical Oceanography"
"040599","Oceanography not elsewhere classified"
"040601","Geomorphology and Regolith and Landscape Evolution"
"040602","Glaciology"
"040603","Hydrogeology"
"040604","Natural Hazards"
"040605","Palaeoclimatology"
"040606","Quaternary Environments"
"040607","Surface Processes"
"040608","Surfacewater Hydrology"
"040699","Physical Geography and Environmental Geoscience not elsewhere classified"
"049999","Earth Sciences not elsewhere classified"
"050101","Ecological Impacts of Climate Change"
"050102","Ecosystem Function"
"050103","Invasive Species Ecology"
"050104","Landscape Ecology"
"050199","Ecological Applications not elsewhere classified"
"050201","Aboriginal and Torres Strait Islander Environmental Knowledge"
"050202","Conservation and Biodiversity "
"050203","Environmental Education and Extension"
"050204","Environmental Impact Assessment"
"050205","Environmental Management"
"050206","Environmental Monitoring"
"050207","Environmental Rehabilitation (excl. Bioremediation)"
"050208","Māori Environmental Knowledge"
"050209","Natural Resource Management"
"050210","Pacific Peoples Environmental Knowledge"
"050211","Wildlife and Habitat Management"
"050299","Environmental Science and Management not elsewhere classified"
"050301","Carbon Sequestration Science"
"050302","Land Capability and Soil Degradation"
"050303","Soil Biology "
"050304","Soil Chemistry (excl. Carbon Sequestration Science)"
"050305","Soil Physics "
"050399","Soil Sciences not elsewhere classified"
"059999","Environmental Sciences not elsewhere classified"
"060101","Analytical Biochemistry"
"060102","Bioinformatics"
"060103","Cell Development, Proliferation and Death"
"060104","Cell Metabolism"
"060105","Cell Neurochemistry"
"060106","Cellular Interactions (incl. Adhesion, Matrix, Cell Wall)"
"060107","Enzymes"
"060108","Protein Trafficking"
"060109","Proteomics and Intermolecular Interactions (excl. Medical Proteomics)"
"060110","Receptors and Membrane Biology"
"060111","Signal Transduction"
"060112","Structural Biology (incl. Macromolecular Modelling)"
"060113","Synthetic Biology"
"060114","Systems Biology"
"060199","Biochemistry and Cell Biology not elsewhere classified "
"060201","Behavioural Ecology"
"060202","Community Ecology (excl. Invasive Species Ecology)"
"060203","Ecological Physiology"
"060204","Freshwater Ecology "
"060205","Marine and Estuarine Ecology (incl. Marine Ichthyology)"
"060206","Palaeoecology"
"060207","Population Ecology "
"060208","Terrestrial Ecology "
"060299","Ecology not elsewhere classified"
"060301","Animal Systematics and Taxonomy"
"060302","Biogeography and Phylogeography"
"060303","Biological Adaptation"
"060304","Ethology and Sociobiology"
"060305","Evolution of Developmental Systems"
"060306","Evolutionary Impacts of Climate Change"
"060307","Host-Parasite Interactions"
"060308","Life Histories"
"060309","Phylogeny and Comparative Analysis"
"060310","Plant Systematics and Taxonomy"
"060311","Speciation and Extinction"
"060399","Evolutionary Biology not elsewhere classified"
"060401","Anthropological Genetics "
"060402","Cell and Nuclear Division"
"060403","Developmental Genetics (incl. Sex Determination)"
"060404","Epigenetics (incl. Genome Methylation and Epigenomics)"
"060405","Gene Expression (incl. Microarray and other genome-wide approaches)"
"060406","Genetic Immunology "
"060407","Genome Structure and Regulation"
"060408","Genomics"
"060409","Molecular Evolution"
"060410","Neurogenetics"
"060411","Population, Ecological and Evolutionary Genetics"
"060412","Quantitative Genetics (incl. Disease and Trait Mapping Genetics)"
"060499","Genetics not elsewhere classified"
"060501","Bacteriology "
"060502","Infectious Agents"
"060503","Microbial Genetics "
"060504","Microbial Ecology"
"060505","Mycology "
"060506","Virology "
"060599","Microbiology not elsewhere classified"
"060601","Animal Physiology - Biophysics "
"060602","Animal Physiology - Cell "
"060603","Animal Physiology - Systems"
"060604","Comparative Physiology "
"060699","Physiology not elsewhere classified"
"060701","Phycology (incl. Marine Grasses)"
"060702","Plant Cell and Molecular Biology"
"060703","Plant Developmental and Reproductive Biology"
"060704","Plant Pathology"
"060705","Plant Physiology "
"060799","Plant Biology not elsewhere classified"
"060801","Animal Behaviour"
"060802","Animal Cell and Molecular Biology"
"060803","Animal Developmental and Reproductive Biology"
"060804","Animal Immunology"
"060805","Animal Neurobiology "
"060806","Animal Physiological Ecology"
"060807","Animal Structure and Function"
"060808","Invertebrate Biology "
"060809","Vertebrate Biology"
"060899","Zoology not elsewhere classified "
"069901","Forensic Biology"
"069902","Global Change Biology"
"069999","Biological Sciences not elsewhere classified "
"070101","Agricultural Land Management"
"070102","Agricultural Land Planning"
"070103","Agricultural Production Systems Simulation"
"070104","Agricultural Spatial Analysis and Modelling"
"070105","Agricultural Systems Analysis and Modelling"
"070106","Farm Management, Rural Management and Agribusiness"
"070107","Farming Systems Research"
"070108","Sustainable Agricultural Development"
"070199","Agriculture, Land and Farm Management not elsewhere classified"
"070201","Animal Breeding"
"070202","Animal Growth and Development"
"070203","Animal Management"
"070204","Animal Nutrition "
"070205","Animal Protection (Pests and Pathogens)"
"070206","Animal Reproduction"
"070207","Humane Animal Treatment"
"070299","Animal Production not elsewhere classified"
"070301","Agro-ecosystem Function and Prediction"
"070302","Agronomy "
"070303","Crop and Pasture Biochemistry and Physiology"
"070304","Crop and Pasture Biomass and Bioproducts"
"070305","Crop and Pasture Improvement (Selection and Breeding)"
"070306","Crop and Pasture Nutrition"
"070307","Crop and Pasture Post Harvest Technologies (incl. Transportation and Storage)"
"070308","Crop and Pasture Protection (Pests, Diseases and Weeds)"
"070399","Crop and Pasture Production not elsewhere classified"
"070401","Aquaculture"
"070402","Aquatic Ecosystem Studies and Stock Assessment"
"070403","Fisheries Management"
"070404","Fish Pests and Diseases"
"070405","Fish Physiology and Genetics"
"070406","Post-Harvest Fisheries Technologies (incl. Transportation)"
"070499","Fisheries Sciences not elsewhere classified"
"070501","Agroforestry "
"070502","Forestry Biomass and Bioproducts"
"070503","Forestry Fire Management"
"070504","Forestry Management and Environment"
"070505","Forestry Pests, Health and Diseases"
"070506","Forestry Product Quality Assessment"
"070507","Tree Improvement (Selection and Breeding) "
"070508","Tree Nutrition and Physiology"
"070509","Wood Fibre Processing"
"070510","Wood Processing"
"070599","Forestry Sciences not elsewhere classified"
"070601","Horticultural Crop Growth and Development"
"070602","Horticultural Crop Improvement (Selection and Breeding)"
"070603","Horticultural Crop Protection (Pests, Diseases and Weeds)"
"070604","Oenology and Viticulture "
"070605","Post Harvest Horticultural Technologies (incl. Transportation and Storage)"
"070699","Horticultural Production not elsewhere classified"
"070701","Veterinary Anaesthesiology and Intensive Care"
"070702","Veterinary Anatomy and Physiology "
"070703","Veterinary Diagnosis and Diagnostics"
"070704","Veterinary Epidemiology"
"070705","Veterinary Immunology"
"070706","Veterinary Medicine"
"070707","Veterinary Microbiology (excl. Virology)"
"070708","Veterinary Parasitology"
"070709","Veterinary Pathology"
"070710","Veterinary Pharmacology"
"070711","Veterinary Surgery"
"070712","Veterinary Virology"
"070799","Veterinary Sciences not elsewhere classified"
"079901","Agricultural Hydrology (Drainage, Flooding, Irrigation, Quality, etc.)"
"079902","Fertilisers and Agrochemicals (incl. Application) "
"079999","Agricultural and Veterinary Sciences not elsewhere classified"
"080101","Adaptive Agents and Intelligent Robotics"
"080102","Artificial Life"
"080103","Computer Graphics"
"080104","Computer Vision"
"080105","Expert Systems "
"080106","Image Processing "
"080107","Natural Language Processing"
"080108","Neural, Evolutionary and Fuzzy Computation"
"080109","Pattern Recognition and Data Mining"
"080110","Simulation and Modelling "
"080111","Virtual Reality and Related Simulation "
"080199","Artificial Intelligence and Image Processing not elsewhere classified"
"080201","Analysis of Algorithms and Complexity"
"080202","Applied Discrete Mathematics "
"080203","Computational Logic and Formal Languages"
"080204","Mathematical Software"
"080205","Numerical Computation"
"080299","Computation Theory and Mathematics not elsewhere classified"
"080301","Bioinformatics Software"
"080302","Computer System Architecture"
"080303","Computer System Security"
"080304","Concurrent Programming"
"080305","Multimedia Programming "
"080306","Open Software"
"080307","Operating Systems"
"080308","Programming Languages"
"080309","Software Engineering "
"080399","Computer Software not elsewhere classified "
"080401","Coding and Information Theory"
"080402","Data Encryption"
"080403","Data Structures"
"080404","Markup Languages"
"080499","Data Format not elsewhere classified "
"080501","Distributed and Grid Systems"
"080502","Mobile Technologies"
"080503","Networking and Communications"
"080504","Ubiquitous Computing"
"080505","Web Technologies (excl. Web Search)"
"080599","Distributed Computing not elsewhere classified"
"080601","Aboriginal and Torres Strait Islander Information and Knowledge Systems"
"080602","Computer-Human Interaction "
"080603","Conceptual Modelling "
"080604","Database Management"
"080605","Decision Support and Group Support Systems "
"080606","Global Information Systems "
"080607","Information Engineering and Theory"
"080608","Information Systems Development Methodologies"
"080609","Information Systems Management "
"080610","Information Systems Organisation "
"080611","Information Systems Theory "
"080612","Interorganisational Information Systems and Web Services"
"080613","Māori Information and Knowledge Systems"
"080614","Pacific Peoples Information and Knowledge Systems"
"080699","Information Systems not elsewhere classified "
"080701","Aboriginal and Torres Strait Islander Knowledge Management"
"080702","Health Informatics"
"080703","Human Information Behaviour"
"080704","Information Retrieval and Web Search"
"080705","Informetrics"
"080706","Librarianship"
"080707","Organisation of Information and Knowledge Resources"
"080708","Records and Information Management (excl. Business Records and Information Management)"
"080709","Social and Community Informatics"
"080799","Library and Information Studies not elsewhere classified"
"089999","Information and Computing Sciences not elsewhere classified"
"090101","Aerodynamics (excl. Hypersonic Aerodynamics) "
"090102","Aerospace Materials"
"090103","Aerospace Structures "
"090104","Aircraft Performance and Flight Control Systems"
"090105","Avionics"
"090106","Flight Dynamics"
"090107","Hypersonic Propulsion and Hypersonic Aerodynamics"
"090108","Satellite, Space Vehicle and Missile Design and Testing"
"090199","Aerospace Engineering not elsewhere classified"
"090201","Automotive Combustion and Fuel Engineering (incl. Alternative/Renewable Fuels)"
"090202","Automotive Engineering Materials "
"090203","Automotive Mechatronics"
"090204","Automotive Safety Engineering"
"090205","Hybrid Vehicles and Powertrains"
"090299","Automotive Engineering not elsewhere classified"
"090301","Biomaterials "
"090302","Biomechanical Engineering"
"090303","Biomedical Instrumentation"
"090304","Medical Devices"
"090305","Rehabilitation Engineering "
"090399","Biomedical Engineering not elsewhere classified"
"090401","Carbon Capture Engineering (excl. Sequestration)"
"090402","Catalytic Process Engineering"
"090403","Chemical Engineering Design"
"090405","Non-automotive Combustion and Fuel Engineering (incl. Alternative/Renewable Fuels)"
"090404","Membrane and Separation Technologies"
"090406","Powder and Particle Technology"
"090407","Process Control and Simulation "
"090408","Rheology"
"090409","Wastewater Treatment Processes"
"090410","Water Treatment Processes"
"090499","Chemical Engineering not elsewhere classified"
"090501","Civil Geotechnical Engineering "
"090502","Construction Engineering "
"090503","Construction Materials"
"090504","Earthquake Engineering"
"090505","Infrastructure Engineering and Asset Management"
"090506","Structural Engineering "
"090507","Transport Engineering"
"090508","Water Quality Engineering"
"090509","Water Resources Engineering "
"090599","Civil Engineering not elsewhere classified "
"090601","Circuits and Systems"
"090602","Control Systems, Robotics and Automation"
"090603","Industrial Electronics"
"090604","Microelectronics and Integrated Circuits"
"090605","Photodetectors, Optical Sensors and Solar Cells"
"090606","Photonics and Electro-Optical Engineering (excl. Communications)"
"090607","Power and Energy Systems Engineering (excl. Renewable Power)"
"090608","Renewable Power and Energy Systems Engineering (excl. Solar Cells)"
"090609","Signal Processing"
"090699","Electrical and Electronic Engineering not elsewhere classified"
"090701","Environmental Engineering Design "
"090702","Environmental Engineering Modelling"
"090703","Environmental Technologies "
"090799","Environmental Engineering not elsewhere classified"
"090801","Food Chemistry and Molecular Gastronomy (excl. Wine)"
"090802","Food Engineering "
"090803","Food Nutritional Balance"
"090804","Food Packaging, Preservation and Safety"
"090805","Food Processing"
"090806","Wine Chemistry and Wine Sensory Science"
"090899","Food Sciences not elsewhere classified"
"090901","Cartography"
"090902","Geodesy"
"090903","Geospatial Information Systems"
"090904","Navigation and Position Fixing "
"090905","Photogrammetry and Remote Sensing"
"090906","Surveying (incl. Hydrographic Surveying)"
"090999","Geomatic Engineering not elsewhere classified"
"091001","CAD/CAM Systems"
"091002","Flexible Manufacturing Systems "
"091003","Machine Tools"
"091004","Machining"
"091005","Manufacturing Management"
"091006","Manufacturing Processes and Technologies (excl. Textiles)"
"091007","Manufacturing Robotics and Mechatronics (excl. Automotive Mechatronics)"
"091008","Manufacturing Safety and Quality "
"091009","Microtechnology"
"091010","Packaging, Storage and Transportation (excl. Food and Agricultural Products)"
"091011","Precision Engineering"
"091012","Textile Technology "
"091099","Manufacturing Engineering not elsewhere classified"
"091101","Marine Engineering "
"091102","Naval Architecture "
"091103","Ocean Engineering"
"091104","Ship and Platform Hydrodynamics"
"091105","Ship and Platform Structures "
"091106","Special Vehicles "
"091199","Maritime Engineering not elsewhere classified"
"091201","Ceramics "
"091202","Composite and Hybrid Materials"
"091203","Compound Semiconductors"
"091204","Elemental Semiconductors"
"091205","Functional Materials"
"091206","Glass"
"091207","Metals and Alloy Materials"
"091208","Organic Semiconductors"
"091209","Polymers and Plastics"
"091210","Timber, Pulp and Paper"
"091299","Materials Engineering not elsewhere classified "
"091301","Acoustics and Noise Control (excl. Architectural Acoustics)"
"091302","Automation and Control Engineering"
"091303","Autonomous Vehicles"
"091304","Dynamics, Vibration and Vibration Control"
"091305","Energy Generation, Conversion and Storage Engineering"
"091306","Microelectromechanical Systems (MEMS)"
"091307","Numerical Modelling and Mechanical Characterisation"
"091308","Solid Mechanics"
"091309","Tribology"
"091399","Mechanical Engineering not elsewhere classified"
"091401","Electrometallurgy"
"091402","Geomechanics and Resources Geotechnical Engineering "
"091403","Hydrometallurgy"
"091404","Mineral Processing/Beneficiation"
"091405","Mining Engineering "
"091406","Petroleum and Reservoir Engineering"
"091407","Pyrometallurgy"
"091499","Resources Engineering and Extractive Metallurgy not elsewhere classified"
"091501","Computational Fluid Dynamics"
"091502","Computational Heat Transfer"
"091503","Engineering Practice"
"091504","Fluidisation and Fluid Mechanics "
"091505","Heat and Mass Transfer Operations"
"091506","Nuclear Engineering (incl. Fuel Enrichment and Waste Processing and Storage)"
"091507","Risk Engineering (excl. Earthquake Engineering)"
"091508","Turbulent Flows"
"091599","Interdisciplinary Engineering not elsewhere classified "
"099901","Agricultural Engineering "
"099902","Engineering Instrumentation "
"099999","Engineering not elsewhere classified"
"100101","Agricultural Biotechnology Diagnostics (incl. Biosensors)"
"100102","Agricultural Marine Biotechnology"
"100103","Agricultural Molecular Engineering of Nucleic Acids and Proteins"
"100104","Genetically Modified Animals"
"100105","Genetically Modified Field Crops and Pasture"
"100106","Genetically Modified Horticulture Plants"
"100107","Genetically Modified Trees"
"100108","Livestock cloning"
"100109","Transgenesis "
"100199","Agricultural Biotechnology not elsewhere classified"
"100201","Biodiscovery"
"100202","Biological Control"
"100203","Bioremediation"
"100204","Environmental Biotechnology Diagnostics (incl. Biosensors)"
"100205","Environmental Marine Biotechnology"
"100206","Environmental Molecular Engineering of Nucleic Acids and Proteins"
"100299","Environmental Biotechnology not elsewhere classified"
"100301","Biocatalysis and Enzyme Technology"
"100302","Bioprocessing, Bioproduction and Bioproducts"
"100303","Fermentation"
"100304","Industrial Biotechnology Diagnostics (incl. Biosensors)"
"100305","Industrial Microbiology (incl. Biofeedstocks)"
"100306","Industrial Molecular Engineering of Nucleic Acids and Proteins"
"100399","Industrial Biotechnology not elsewhere classified"
"100401","Gene and Molecular Therapy "
"100402","Medical Biotechnology Diagnostics (incl. Biosensors)"
"100403","Medical Molecular Engineering of Nucleic Acids and Proteins"
"100404","Regenerative Medicine (incl. Stem Cells and Tissue Engineering)"
"100499","Medical Biotechnology not elsewhere classified"
"100501","Antennas and Propagation"
"100502","Broadband and Modem Technology"
"100503","Computer Communications Networks"
"100504","Data Communications"
"100505","Microwave and Millimetrewave Theory and Technology "
"100506","Optical Fibre Communications "
"100507","Optical Networks and Systems"
"100508","Satellite Communications "
"100509","Video Communications"
"100510","Wireless Communications"
"100599","Communications Technologies not elsewhere classified"
"100601","Arithmetic and Logic Structures"
"100602","Input, Output and Data Devices"
"100603","Logic Design"
"100604","Memory Structures"
"100605","Performance Evaluation; Testing and Simulation of Reliability"
"100606","Processor Architectures"
"100699","Computer Hardware not elsewhere classified"
"100701","Environmental Nanotechnology"
"100702","Molecular and Organic Electronics"
"100703","Nanobiotechnology"
"100704","Nanoelectromechanical Systems"
"100705","Nanoelectronics"
"100706","Nanofabrication, Growth and Self Assembly"
"100707","Nanomanufacturing"
"100708","Nanomaterials"
"100709","Nanomedicine"
"100710","Nanometrology"
"100711","Nanophotonics"
"100712","Nanoscale Characterisation"
"100713","Nanotoxicology, Health and Safety"
"100799","Nanotechnology not elsewhere classified"
"109999","Technology not elsewhere classified"
"110101","Medical Biochemistry: Amino Acids and Metabolites"
"110102","Medical Biochemistry: Carbohydrates"
"110103","Medical Biochemistry: Inorganic Elements and Compounds"
"110104","Medical Biochemistry: Lipids "
"110105","Medical Biochemistry: Nucleic Acids"
"110106","Medical Biochemistry: Proteins and Peptides (incl. Medical Proteomics)"
"110107","Metabolic Medicine"
"110199","Medical Biochemistry and Metabolomics not elsewhere classified"
"110201","Cardiology (incl. Cardiovascular Diseases)"
"110202","Haematology"
"110203","Respiratory Diseases "
"110299","Cardiorespiratory Medicine and Haematology not elsewhere classified"
"110301","Anaesthesiology"
"110302","Clinical Chemistry (diagnostics)"
"110303","Clinical Microbiology"
"110304","Dermatology"
"110305","Emergency Medicine"
"110306","Endocrinology"
"110307","Gastroenterology and Hepatology"
"110308","Geriatrics and Gerontology "
"110309","Infectious Diseases"
"110310","Intensive Care "
"110311","Medical Genetics (excl. Cancer Genetics)"
"110312","Nephrology and Urology "
"110313","Nuclear Medicine"
"110314","Orthopaedics "
"110315","Otorhinolaryngology"
"110316","Pathology (excl. Oral Pathology)"
"110317","Physiotherapy"
"110318","Podiatry"
"110319","Psychiatry (incl. Psychotherapy) "
"110320","Radiology and Organ Imaging"
"110321","Rehabilitation and Therapy (excl. Physiotherapy)"
"110322","Rheumatology and Arthritis "
"110323","Surgery"
"110324","Venereology"
"110399","Clinical Sciences not elsewhere classified"
"110401","Chiropractic "
"110402","Naturopathy"
"110403","Traditional Aboriginal and Torres Strait Islander Medicine and Treatments"
"110404","Traditional Chinese Medicine and Treatments "
"110405","Traditional Māori Medicine and Treatments"
"110499","Complementary and Alternative Medicine not elsewhere classified"
"110501","Dental Materials and Equipment"
"110502","Dental Therapeutics, Pharmacology and Toxicology "
"110503","Endodontics"
"110504","Oral and Maxillofacial Surgery "
"110505","Oral Medicine and Pathology"
"110506","Orthodontics and Dentofacial Orthopaedics"
"110507","Paedodontics"
"110508","Periodontics"
"110509","Special Needs Dentistry"
"110599","Dentistry not elsewhere classified "
"110601","Biomechanics "
"110602","Exercise Physiology"
"110603","Motor Control"
"110604","Sports Medicine"
"110699","Human Movement and Sports Science not elsewhere classified"
"110701","Allergy"
"110702","Applied Immunology (incl. Antibody Engineering, Xenotransplantation and T-cell Therapies)"
"110703","Autoimmunity "
"110704","Cellular Immunology"
"110705","Humoural Immunology and Immunochemistry"
"110706","Immunogenetics (incl. Genetic Immunology)"
"110707","Innate Immunity"
"110708","Transplantation Immunology "
"110709","Tumour Immunology "
"110799","Immunology not elsewhere classified"
"110801","Medical Bacteriology "
"110802","Medical Infection Agents (incl. Prions)"
"110803","Medical Parasitology "
"110804","Medical Virology "
"110899","Medical Microbiology not elsewhere classified"
"110901","Autonomic Nervous System "
"110902","Cellular Nervous System"
"110903","Central Nervous System "
"110904","Neurology and Neuromuscular Diseases"
"110905","Peripheral Nervous System"
"110906","Sensory Systems"
"110999","Neurosciences not elsewhere classified"
"111001","Aged Care Nursing"
"111002","Clinical Nursing: Primary (Preventative) "
"111003","Clinical Nursing: Secondary (Acute Care)"
"111004","Clinical Nursing: Tertiary (Rehabilitative)"
"111005","Mental Health Nursing"
"111006","Midwifery"
"111099","Nursing not elsewhere classified "
"111101","Clinical and Sports Nutrition"
"111102","Dietetics and Nutrigenomics"
"111103","Nutritional Physiology"
"111104","Public Nutrition Intervention"
"111199","Nutrition and Dietetics not elsewhere classified"
"111201","Cancer Cell Biology"
"111202","Cancer Diagnosis"
"111203","Cancer Genetics"
"111204","Cancer Therapy (excl. Chemotherapy and Radiation Therapy)"
"111205","Chemotherapy"
"111206","Haematological Tumours"
"111207","Molecular Targets"
"111208","Radiation Therapy"
"111209","Solid Tumours"
"111299","Oncology and Carcinogenesis not elsewhere classified"
"111301","Ophthalmology"
"111302","Optical Technology "
"111303","Vision Science"
"111399","Ophthalmology and Optometry not elsewhere classified"
"111401","Foetal Development and Medicine"
"111402","Obstetrics and Gynaecology "
"111403","Paediatrics"
"111404","Reproduction "
"111499","Paediatrics and Reproductive Medicine not elsewhere classified"
"111501","Basic Pharmacology "
"111502","Clinical Pharmacology and Therapeutics"
"111503","Clinical Pharmacy and Pharmacy Practice"
"111504","Pharmaceutical Sciences"
"111505","Pharmacogenomics"
"111506","Toxicology (incl. Clinical Toxicology) "
"111599","Pharmacology and Pharmaceutical Sciences not elsewhere classified"
"111601","Cell Physiology"
"111602","Human Biophysics "
"111603","Systems Physiology "
"111699","Medical Physiology not elsewhere classified"
"111701","Aboriginal and Torres Strait Islander Health"
"111702","Aged Health Care"
"111703","Care for Disabled"
"111704","Community Child Health "
"111705","Environmental and Occupational Health and Safety"
"111706","Epidemiology "
"111707","Family Care"
"111708","Health and Community Services"
"111709","Health Care Administration "
"111710","Health Counselling "
"111711","Health Information Systems (incl. Surveillance)"
"111712","Health Promotion "
"111713","Māori Health"
"111714","Mental Health"
"111715","Pacific Peoples Health"
"111716","Preventive Medicine"
"111717","Primary Health Care"
"111718","Residential Client Care"
"111799","Public Health and Health Services not elsewhere classified"
"119999","Medical and Health Sciences not elsewhere classified"
"120101","Architectural Design"
"120102","Architectural Heritage and Conservation"
"120103","Architectural History and Theory"
"120104","Architectural Science and Technology (incl. Acoustics, Lighting, Structure and Ecologically Sustainable Design)"
"120105","Architecture Management"
"120106","Interior Design"
"120107","Landscape Architecture"
"120199","Architecture not elsewhere classified"
"120201","Building Construction Management and Project Planning"
"120202","Building Science and Techniques"
"120203","Quantity Surveying"
"120299","Building not elsewhere classified"
"120301","Design History and Theory"
"120302","Design Innovation"
"120303","Design Management and Studio and Professional Practice"
"120304","Digital and Interaction Design"
"120305","Industrial Design"
"120306","Textile and Fashion Design"
"120307","Visual Communication Design (incl. Graphic Design)"
"120399","Design Practice and Management not elsewhere classified"
"120401","Engineering Design Empirical Studies"
"120402","Engineering Design Knowledge"
"120403","Engineering Design Methods"
"120404","Engineering Systems Design"
"120405","Models of Engineering Design"
"120499","Engineering Design not elsewhere classified"
"120501","Community Planning"
"120502","History and Theory of the Built Environment (excl. Architecture)"
"120503","Housing Markets, Development, Management"
"120504","Land Use and Environmental Planning"
"120505","Regional Analysis and Development"
"120506","Transport Planning"
"120507","Urban Analysis and Development"
"120508","Urban Design"
"120599","Urban and Regional Planning not elsewhere classified"
"129999","Built Environment and Design not elsewhere classified"
"130101","Continuing and Community Education"
"130102","Early Childhood Education (excl. Māori)"
"130103","Higher Education"
"130104","Kura Kaupapa Māori (Māori Primary Education) "
"130105","Primary Education (excl. Māori)"
"130106","Secondary Education"
"130107","Te Whāriki (Māori Early Childhood Education)"
"130108","Technical, Further and Workplace Education"
"130199","Education Systems not elsewhere classified"
"130201","Creative Arts, Media and Communication Curriculum and Pedagogy"
"130202","Curriculum and Pedagogy Theory and Development"
"130203","Economics, Business and Management Curriculum and Pedagogy"
"130204","English and Literacy Curriculum and Pedagogy (excl. LOTE, ESL and TESOL)"
"130205","Humanities and Social Sciences Curriculum and Pedagogy (excl. Economics, Business and Management)"
"130206","Kōhanga Reo (Māori Language Curriculum and Pedagogy)"
"130207","LOTE, ESL and TESOL Curriculum and Pedagogy (excl. Māori)"
"130208","Mathematics and Numeracy Curriculum and Pedagogy"
"130209","Medicine, Nursing and Health Curriculum and Pedagogy"
"130210","Physical Education and Development Curriculum and Pedagogy"
"130211","Religion Curriculum and Pedagogy"
"130212","Science, Technology and Engineering Curriculum and Pedagogy"
"130213","Vocational Education and Training Curriculum and Pedagogy"
"130299","Curriculum and Pedagogy not elsewhere classified"
"130301","Aboriginal and Torres Strait Islander Education"
"130302","Comparative and Cross-Cultural Education"
"130303","Education Assessment and Evaluation"
"130304","Educational Administration, Management and Leadership"
"130305","Educational Counselling"
"130306","Educational Technology and Computing"
"130307","Ethnic Education (excl. Aboriginal and Torres Strait Islander, Māori and Pacific Peoples)"
"130308","Gender, Sexuality and Education"
"130309","Learning Sciences"
"130310","Māori Education (excl. Early Childhood and Primary Education)"
"130311","Pacific Peoples Education"
"130312","Special Education and Disability"
"130313","Teacher Education and Professional Development of Educators"
"130399","Specialist Studies in Education not elsewhere classified"
"139999","Education not elsewhere classified"
"140101","History of Economic Thought"
"140102","Macroeconomic Theory "
"140103","Mathematical Economics "
"140104","Microeconomic Theory "
"140199","Economic Theory not elsewhere classified "
"140201","Agricultural Economics "
"140202","Economic Development and Growth"
"140203","Economic History"
"140204","Economics of Education "
"140205","Environment and Resource Economics "
"140206","Experimental Economics"
"140207","Financial Economics"
"140208","Health Economics "
"140209","Industry Economics and Industrial Organisation "
"140210","International Economics and International Finance"
"140211","Labour Economics "
"140212","Macroeconomics (incl. Monetary and Fiscal Theory)"
"140213","Public Economics- Public Choice"
"140214","Public Economics- Publically Provided Goods"
"140215","Public Economics- Taxation and Revenue"
"140216","Tourism Economics"
"140217","Transport Economics"
"140218","Urban and Regional Economics "
"140219","Welfare Economics"
"140299","Applied Economics not elsewhere classified "
"140301","Cross-Sectional Analysis "
"140302","Econometric and Statistical Methods"
"140303","Economic Models and Forecasting"
"140304","Panel Data Analysis"
"140305","Time-Series Analysis "
"140399","Econometrics not elsewhere classified"
"149901","Comparative Economic Systems "
"149902","Ecological Economics"
"149903","Heterodox Economics"
"149999","Economics not elsewhere classified "
"150101","Accounting Theory and Standards"
"150102","Auditing and Accountability"
"150103","Financial Accounting "
"150104","International Accounting "
"150105","Management Accounting"
"150106","Sustainability Accounting and Reporting"
"150107","Taxation Accounting "
"150199","Accounting, Auditing and Accountability not elsewhere classified"
"150201","Finance"
"150202","Financial Econometrics "
"150203","Financial Institutions (incl. Banking) "
"150204","Insurance Studies"
"150205","Investment and Risk Management"
"150299","Banking, Finance and Investment not elsewhere classified"
"150301","Business Information Management (incl. Records, Knowledge and Information Management, and Intelligence)"
"150302","Business Information Systems"
"150303","Corporate Governance and Stakeholder Engagement"
"150304","Entrepreneurship"
"150305","Human Resources Management "
"150306","Industrial Relations "
"150307","Innovation and Technology Management "
"150308","International Business "
"150309","Logistics and Supply Chain Management"
"150310","Organisation and Management Theory"
"150311","Organisational Behaviour"
"150312","Organisational Planning and Management "
"150313","Quality Management "
"150314","Small Business Management"
"150399","Business and Management not elsewhere classified"
"150401","Food and Hospitality Services"
"150402","Hospitality Management "
"150403","Real Estate and Valuation Services"
"150404","Sport and Leisure Management"
"150499","Commercial Services not elsewhere classified"
"150501","Consumer-Oriented Product or Service Development"
"150502","Marketing Communications"
"150503","Marketing Management (incl. Strategy and Customer Relations)"
"150504","Marketing Measurement"
"150505","Marketing Research Methodology"
"150506","Marketing Theory"
"150507","Pricing (incl. Consumer Value Estimation)"
"150599","Marketing not elsewhere classified"
"150601","Impacts of Tourism "
"150602","Tourism Forecasting"
"150603","Tourism Management "
"150604","Tourism Marketing"
"150605","Tourism Resource Appraisal "
"150606","Tourist Behaviour and Visitor Experience"
"150699","Tourism not elsewhere classified "
"150701","Air Transportation and Freight Services"
"150702","Rail Transportation and Freight Services"
"150703","Road Transportation and Freight Services"
"150799","Transportation and Freight Services not elsewhere classified"
"159999","Commerce, Management, Tourism and Services not elsewhere classified"
"160101","Anthropology of Development"
"160102","Biological (Physical) Anthropology "
"160103","Linguistic Anthropology"
"160104","Social and Cultural Anthropology "
"160199","Anthropology not elsewhere classified"
"160201","Causes and Prevention of Crime"
"160202","Correctional Theory, Offender Treatment and Rehabilitation"
"160203","Courts and Sentencing"
"160204","Criminological Theories"
"160205","Police Administration, Procedures and Practice "
"160206","Private Policing and Security Services "
"160299","Criminology not elsewhere classified "
"160301","Family and Household Studies "
"160302","Fertility"
"160303","Migration"
"160304","Mortality"
"160305","Population Trends and Policies "
"160399","Demography not elsewhere classified"
"160401","Economic Geography "
"160402","Recreation, Leisure and Tourism Geography "
"160403","Social and Cultural Geography"
"160404","Urban and Regional Studies (excl. Planning)"
"160499","Human Geography not elsewhere classified "
"160501","Aboriginal and Torres Strait Islander Policy"
"160502","Arts and Cultural Policy"
"160503","Communications and Media Policy"
"160504","Crime Policy"
"160505","Economic Development Policy"
"160506","Education Policy"
"160507","Environment Policy"
"160508","Health Policy"
"160509","Public Administration"
"160510","Public Policy"
"160511","Research, Science and Technology Policy"
"160512","Social Policy"
"160513","Tourism Policy"
"160514","Urban Policy"
"160599","Policy and Administration not elsewhere classified"
"160601","Australian Government and Politics"
"160602","Citizenship"
"160603","Comparative Government and Politics"
"160604","Defence Studies"
"160605","Environmental Politics"
"160606","Government and Politics of Asia and the Pacific"
"160607","International Relations"
"160608","New Zealand Government and Politics"
"160609","Political Theory and Political Philosophy"
"160699","Political Science not elsewhere classified"
"160701","Clinical Social Work Practice"
"160702","Counselling, Welfare and Community Services"
"160703","Social Program Evaluation"
"160799","Social Work not elsewhere classified "
"160801","Applied Sociology, Program Evaluation and Social Impact Assessment"
"160802","Environmental Sociology"
"160803","Race and Ethnic Relations"
"160804","Rural Sociology"
"160805","Social Change"
"160806","Social Theory"
"160807","Sociological Methodology and Research Methods"
"160808","Sociology and Social Studies of Science and Technology "
"160809","Sociology of Education "
"160810","Urban Sociology and Community Studies"
"160899","Sociology not elsewhere classified "
"169901","Gender Specific Studies"
"169902","Studies of Aboriginal and Torres Strait Islander Society"
"169903","Studies of Asian Society"
"169904","Studies of Māori Society"
"169905","Studies of Pacific Peoples' Societies"
"169999","Studies in Human Society not elsewhere classified"
"170101","Biological Psychology (Neuropsychology, Psychopharmacology, Physiological Psychology)"
"170102","Developmental Psychology and Ageing"
"170103","Educational Psychology"
"170104","Forensic Psychology"
"170105","Gender Psychology"
"170106","Health, Clinical and Counselling Psychology"
"170107","Industrial and Organisational Psychology "
"170108","Kaupapa Māori Psychology"
"170109","Personality, Abilities and Assessment"
"170110","Psychological Methodology, Design and Analysis "
"170111","Psychology of Religion "
"170112","Sensory Processes, Perception and Performance"
"170113","Social and Community Psychology"
"170114","Sport and Exercise Psychology"
"170199","Psychology not elsewhere classified"
"170201","Computer Perception, Memory and Attention"
"170202","Decision Making"
"170203","Knowledge Representation and Machine Learning"
"170204","Linguistic Processes (incl. Speech Production and Comprehension) "
"170205","Neurocognitive Patterns and Neural Networks"
"170299","Cognitive Sciences not elsewhere classified "
"179999","Psychology and Cognitive Sciences not elsewhere classified"
"180101","Aboriginal and Torres Strait Islander Law "
"180102","Access to Justice"
"180103","Administrative Law "
"180104","Civil Law and Procedure"
"180105","Commercial and Contract Law"
"180106","Comparative Law"
"180107","Conflict of Laws (Private International Law)"
"180108","Constitutional Law "
"180109","Corporations and Associations Law"
"180110","Criminal Law and Procedure"
"180111","Environmental and Natural Resources Law"
"180112","Equity and Trusts Law"
"180113","Family Law "
"180114","Human Rights Law"
"180115","Intellectual Property Law"
"180116","International Law (excl. International Trade Law)"
"180117","International Trade Law"
"180118","Labour Law "
"180119","Law and Society"
"180120","Legal Institutions (incl. Courts and Justice Systems)"
"180121","Legal Practice, Lawyering and the Legal Profession"
"180122","Legal Theory, Jurisprudence and Legal Interpretation"
"180123","Litigation, Adjudication and Dispute Resolution"
"180124","Property Law (excl. Intellectual Property Law)"
"180125","Taxation Law "
"180126","Tort Law "
"180199","Law not elsewhere classified "
"180201","Nga Tikanga Māori (Māori Customary Law)"
"180202","Te Māori Whakakaere Rauemi (Māori Resource Law)"
"180203","Te Tiriti O Waitangi (The Treaty of Waitangi)"
"180204","Te Ture Whenua (Māori Land Law)"
"180299","Māori Law not elsewhere classified "
"189999","Law and Legal Studies not elsewhere classified"
"190101","Art Criticism"
"190102","Art History"
"190103","Art Theory"
"190104","Visual Cultures"
"190199","Art Theory and Criticism not elsewhere classified"
"190201","Cinema Studies "
"190202","Computer Gaming and Animation"
"190203","Electronic Media Art"
"190204","Film and Television"
"190205","Interactive Media"
"190299","Film, Television and Digital Media not elsewhere classified"
"190301","Journalism Studies"
"190302","Professional Writing"
"190303","Technical Writing"
"190399","Journalism and Professional Writing not elsewhere classified"
"190401","Aboriginal and Torres Strait Islander Performing Arts"
"190402","Creative Writing (incl. Playwriting)"
"190403","Dance"
"190404","Drama, Theatre and Performance Studies"
"190405","Māori Performing Arts"
"190406","Music Composition"
"190407","Music Performance"
"190408","Music Therapy"
"190409","Musicology and Ethnomusicology"
"190410","Pacific Peoples Performing Arts"
"190499","Performing Arts and Creative Writing not elsewhere classified "
"190501","Crafts "
"190502","Fine Arts (incl. Sculpture and Painting) "
"190503","Lens-based Practice"
"190504","Performance and Installation Art"
"190599","Visual Arts and Crafts not elsewhere classified"
"199999","Studies in Creative Arts and Writing not elsewhere classified"
"200101","Communication Studies"
"200102","Communication Technology and Digital Media Studies"
"200103","International and Development Communication"
"200104","Media Studies"
"200105","Organisational, Interpersonal and Intercultural Communication"
"200199","Communication and Media Studies not elsewhere classified"
"200201","Aboriginal and Torres Strait Islander Cultural Studies"
"200202","Asian Cultural Studies"
"200203","Consumption and Everyday Life"
"200204","Cultural Theory"
"200205","Culture, Gender, Sexuality"
"200206","Globalisation and Culture"
"200207","Māori Cultural Studies"
"200208","Migrant Cultural Studies"
"200209","Multicultural, Intercultural and Cross-cultural Studies"
"200210","Pacific Cultural Studies"
"200211","Postcolonial Studies"
"200212","Screen and Media Culture"
"200299","Cultural Studies not elsewhere classified"
"200301","Early English Languages"
"200302","English Language"
"200303","English as a Second Language"
"200304","Central and Eastern European Languages (incl. Russian)"
"200305","Latin and Classical Greek Languages"
"200306","French Language"
"200307","German Language"
"200308","Iberian Languages"
"200309","Italian Language"
"200310","Other European Languages"
"200311","Chinese Languages"
"200312","Japanese Language"
"200313","Indonesian Languages"
"200314","South-East Asian Languages (excl. Indonesian)"
"200315","Indian Languages"
"200316","Korean Language"
"200317","Other Asian Languages (excl. South-East Asian)"
"200318","Middle Eastern Languages"
"200319","Aboriginal and Torres Strait Islander Languages"
"200320","Pacific Languages"
"200321","Te Reo Māori (Māori Language)"
"200322","Comparative Language Studies"
"200323","Translation and Interpretation Studies"
"200399","Language Studies not elsewhere classified"
"200401","Applied Linguistics and Educational Linguistics"
"200402","Computational Linguistics"
"200403","Discourse and Pragmatics "
"200404","Laboratory Phonetics and Speech Science"
"200405","Language in Culture and Society (Sociolinguistics) "
"200406","Language in Time and Space (incl. Historical Linguistics, Dialectology)"
"200407","Lexicography "
"200408","Linguistic Structures (incl. Grammar, Phonology, Lexicon, Semantics)"
"200499","Linguistics not elsewhere classified "
"200501","Aboriginal and Torres Strait Islander Literature"
"200502","Australian Literature (excl. Aboriginal and Torres Strait Islander Literature)"
"200503","British and Irish Literature"
"200504","Māori Literature"
"200505","New Zealand Literature (excl. Māori Literature)"
"200506","North American Literature"
"200507","Pacific Literature"
"200508","Other Literatures in English"
"200509","Central and Eastern European Literature (incl. Russian)"
"200510","Latin and Classical Greek Literature"
"200511","Literature in French"
"200512","Literature in German"
"200513","Literature in Italian"
"200514","Literature in Spanish and Portuguese"
"200515","Other European Literature"
"200516","Indonesian Literature"
"200517","Literature in Chinese"
"200518","Literature in Japanese"
"200519","South-East Asian Literature (excl. Indonesian)"
"200520","Indian Literature"
"200521","Korean Literature"
"200522","Other Asian Literature (excl. South-East Asian)"
"200523","Middle Eastern Literature"
"200524","Comparative Literature Studies"
"200525","Literary Theory"
"200526","Stylistics and Textual Analysis"
"200599","Literary Studies not elsewhere classified"
"209999","Language, Communication and Culture not elsewhere classified"
"210101","Aboriginal and Torres Strait Islander Archaeology"
"210102","Archaeological Science "
"210103","Archaeology of Asia, Africa and the Americas "
"210104","Archaeology of Australia (excl. Aboriginal and Torres Strait Islander)"
"210105","Archaeology of Europe, the Mediterranean and the Levant"
"210106","Archaeology of New Guinea and Pacific Islands (excl. New Zealand)"
"210107","Archaeology of New Zealand (excl. Māori)"
"210108","Historical Archaeology (incl. Industrial Archaeology)"
"210109","Māori Archaeology"
"210110","Maritime Archaeology "
"210199","Archaeology not elsewhere classified"
"210201","Archival, Repository and Related Studies"
"210202","Heritage and Cultural Conservation"
"210203","Materials Conservation"
"210204","Museum Studies"
"210299","Curatorial and Related Studies not elsewhere classified"
"210301","Aboriginal and Torres Strait Islander History"
"210302","Asian History"
"210303","Australian History (excl. Aboriginal and Torres Strait Islander History)"
"210304","Biography"
"210305","British History"
"210306","Classical Greek and Roman History"
"210307","European History (excl. British, Classical Greek and Roman)"
"210308","Latin American History"
"210309","Māori History"
"210310","Middle Eastern and African History"
"210311","New Zealand History"
"210312","North American History"
"210313","Pacific History (excl. New Zealand and Māori)"
"210399","Historical Studies not elsewhere classified"
"219999","History and Archaeology not elsewhere classified"
"220101","Bioethics (human and animal)"
"220102","Business Ethics"
"220103","Ethical Use of New Technology (e.g. Nanotechnology, Biotechnology)"
"220104","Human Rights and Justice Issues"
"220105","Legal Ethics"
"220106","Medical Ethics"
"220107","Professional Ethics (incl. police and research ethics)"
"220199","Applied Ethics not elsewhere classified"
"220201","Business and Labour History"
"220202","History and Philosophy of Education"
"220203","History and Philosophy of Engineering and Technology"
"220204","History and Philosophy of Law and Justice"
"220205","History and Philosophy of Medicine "
"220206","History and Philosophy of Science (incl. Non-historical Philosophy of Science)"
"220207","History and Philosophy of the Humanities"
"220208","History and Philosophy of the Social Sciences"
"220209","History of Ideas"
"220210","History of Philosophy"
"220299","History and Philosophy of Specific Fields not elsewhere classified"
"220301","Aesthetics "
"220302","Decision Theory"
"220303","Environmental Philosophy"
"220304","Epistemology "
"220305","Ethical Theory "
"220306","Feminist Theory"
"220307","Hermeneutic and Critical Theory "
"220308","Logic"
"220309","Metaphysics"
"220310","Phenomenology"
"220311","Philosophical Psychology (incl. Moral Psychology and Philosophy of Action)"
"220312","Philosophy of Cognition"
"220313","Philosophy of Language "
"220314","Philosophy of Mind (excl. Cognition)"
"220315","Philosophy of Religion "
"220316","Philosophy of Specific Cultures (incl. Comparative Philosophy)"
"220317","Poststructuralism"
"220318","Psychoanalytic Philosophy"
"220319","Social Philosophy"
"220399","Philosophy not elsewhere classified"
"220401","Christian Studies (incl. Biblical Studies and Church History)"
"220402","Comparative Religious Studies"
"220403","Islamic Studies"
"220404","Jewish Studies "
"220405","Religion and Society "
"220406","Studies in Eastern Religious Traditions"
"220407","Studies in Religious Traditions (excl. Eastern, Jewish, Christian and Islamic Traditions)"
"220499","Religion and Religious Studies not elsewhere classified"
"229999","Philosophy and Religious Studies not elsewhere classified"
